epoch,time,train/box_loss,train/cls_loss,train/dfl_loss,metrics/precision(B),metrics/recall(B),metrics/mAP50(B),metrics/mAP50-95(B),val/box_loss,val/cls_loss,val/dfl_loss,lr/pg0,lr/pg1,lr/pg2
1,16.7314,5.33083,5.68395,4.74594,0,0,0,0,5.6321,5.30724,4.15948,3.75e-05,3.75e-05,3.75e-05
2,32.5855,5.47779,5.44962,4.66707,0,0,0,0,5.63338,5.30891,4.16019,8.57675e-05,8.57675e-05,8.57675e-05
3,48.6079,5.01875,5.61647,4.51945,0,0,0,0,5.63524,5.31134,4.16148,0.000132055,0.000132055,0.000132055
4,64.7152,4.64292,5.31794,4.43217,0,0,0,0,5.63831,5.31515,4.16402,0.000176362,0.000176362,0.000176362
5,80.8721,4.83407,4.98371,4.24363,0,0,0,0,5.64139,5.31887,4.16678,0.00021869,0.00021869,0.00021869
6,96.5736,4.87541,4.86142,4.13131,0,0,0,0,5.64598,5.32341,4.17117,0.000259038,0.000259038,0.000259038
7,113.713,4.36127,4.60308,4.11335,0,0,0,0,5.65203,5.32916,4.17724,0.000297405,0.000297405,0.000297405
8,133.077,4.57484,4.47245,3.94336,0,0,0,0,5.65988,5.33557,4.18557,0.000333792,0.000333792,0.000333792
9,152.089,4.15376,4.23138,3.95045,0,0,0,0,5.66947,5.34172,4.19666,0.0003682,0.0003682,0.0003682
10,171.246,4.41047,4.3182,3.6986,0,0,0,0,5.6808,5.34692,4.21058,0.000400628,0.000400628,0.000400628
11,190.243,3.79915,3.85994,3.71528,0,0,0,0,5.69547,5.3503,4.22999,0.000431075,0.000431075,0.000431075
12,209.149,4.05653,3.88848,3.62845,0,0,0,0,5.71185,5.34522,4.25331,0.000459543,0.000459543,0.000459543
13,228.522,3.52497,3.70841,3.57085,0,0,0,0,5.73023,5.33836,4.28102,0.00048603,0.00048603,0.00048603
14,247.277,3.73639,3.68535,3.53039,0,0,0,0,5.74132,5.33949,4.2982,0.000510537,0.000510537,0.000510537
15,261.923,3.40525,3.43521,3.30548,0,0,0,0,5.76256,5.3336,4.33285,0.000533065,0.000533065,0.000533065
16,275.453,3.49026,3.22036,3.17987,0,0,0,0,5.77407,5.32889,4.3522,0.000553613,0.000553613,0.000553613
17,291.327,3.42324,3.33607,3.24432,0,0,0,0,5.78952,5.32404,4.37854,0.00057218,0.00057218,0.00057218
18,305.827,3.20145,3.22865,3.26335,0,0,0,0,5.81791,5.31262,4.43289,0.000588767,0.000588767,0.000588767
19,318.723,3.08681,2.93777,3.03784,0,0,0,0,5.82507,5.29931,4.44793,0.000603375,0.000603375,0.000603375
20,331.613,3.01932,2.99586,3.00678,0,0,0,0,5.82824,5.28193,4.45532,0.000616003,0.000616003,0.000616003
21,345.058,3.12052,3.23211,3.0266,0,0,0,0,5.82845,5.28749,4.45926,0.00062665,0.00062665,0.00062665
22,362.599,3.10965,2.9571,2.97807,0,0,0,0,5.82886,5.31172,4.46129,0.000635318,0.000635318,0.000635318
23,381.379,3.11157,2.93331,2.89079,0,0,0,0,5.82326,5.33967,4.45142,0.000642005,0.000642005,0.000642005
24,400.083,3.01718,2.88176,2.9537,0,0,0,0,5.81662,5.34227,4.43828,0.000646713,0.000646713,0.000646713
25,413.427,2.63711,2.8677,2.8111,0,0,0,0,5.8118,5.32429,4.42838,0.00064944,0.00064944,0.00064944
26,426.712,2.72437,2.81104,2.94272,0,0,0,0,5.77912,5.26311,4.3784,0.00063125,0.00063125,0.00063125
27,441.103,2.58622,2.74141,2.68522,0.0002,0.015,0.00409,0.0008,5.63804,5.1272,4.26531,0.0006065,0.0006065,0.0006065
28,460.686,2.51358,2.82753,2.87479,0.11558,0.01047,0.01391,0.00379,4.92779,4.58493,3.90238,0.00058175,0.00058175,0.00058175
29,479.048,2.76598,2.83261,2.73518,0.07874,0.07,0.03518,0.0121,3.59096,3.67866,3.38157,0.000557,0.000557,0.000557
30,497.283,2.42755,2.76848,2.67806,0.10071,0.18,0.05819,0.02112,2.79161,3.41754,3.10193,0.00053225,0.00053225,0.00053225
31,514.893,2.26814,2.67879,2.60777,0.13195,0.25275,0.08816,0.03058,2.43442,4.31163,2.9676,0.0005075,0.0005075,0.0005075
32,534.524,2.3641,2.73307,2.71697,0.14384,0.2859,0.11515,0.0446,2.23392,4.39647,2.85643,0.00048275,0.00048275,0.00048275
33,549.405,2.21099,2.62263,2.62121,0.1548,0.30926,0.14695,0.05973,2.14821,3.18712,2.7593,0.000458,0.000458,0.000458
34,569.303,2.42167,2.51323,2.38878,0.15814,0.375,0.15154,0.06474,2.11785,2.86089,2.69681,0.00043325,0.00043325,0.00043325
35,589.289,2.30033,2.63756,2.47884,0.17215,0.32929,0.15026,0.06458,2.06832,2.83548,2.6455,0.0004085,0.0004085,0.0004085
36,606.93,2.14461,2.54521,2.43863,0.16978,0.32,0.16194,0.07225,2.0355,2.78877,2.61716,0.00038375,0.00038375,0.00038375
37,624.128,2.11524,2.53857,2.4343,0.1705,0.40696,0.16697,0.07859,2.03561,2.78324,2.6052,0.000359,0.000359,0.000359
38,644.828,2.25824,2.54391,2.48913,0.18155,0.315,0.13403,0.06127,2.13379,4.04712,2.63754,0.00033425,0.00033425,0.00033425
39,668.09,2.20213,2.58816,2.62357,0.12973,0.09,0.06728,0.02622,2.32121,6.07522,2.72736,0.0003095,0.0003095,0.0003095
40,691.508,2.02896,2.43955,2.43313,0.17076,0.12204,0.08092,0.03237,2.44152,5.72183,2.80007,0.00028475,0.00028475,0.00028475
41,713.393,2.14139,2.66226,2.71568,0.14411,0.15558,0.08215,0.03341,2.53881,5.7897,2.86212,0.00026,0.00026,0.00026
42,733.077,2.00382,2.71146,2.47558,0.11838,0.14593,0.07704,0.03148,2.55239,6.02166,2.88001,0.00023525,0.00023525,0.00023525
43,754.595,1.81672,2.66338,2.59823,0.1085,0.10223,0.0627,0.02667,2.5621,6.09562,2.87482,0.0002105,0.0002105,0.0002105
44,777.336,1.94262,2.68936,2.52301,0.13228,0.158,0.06752,0.02796,2.57021,5.71641,2.84503,0.00018575,0.00018575,0.00018575
45,799.299,2.06368,2.59664,2.41253,0.05376,0.33,0.06369,0.02778,2.57749,5.47037,2.82281,0.000161,0.000161,0.000161
46,822.48,1.84341,2.51149,2.55681,0.01505,0.375,0.06233,0.02872,2.61287,5.16543,2.81891,0.00013625,0.00013625,0.00013625
47,845.687,1.93782,2.55627,2.41531,0.01727,0.365,0.06232,0.02879,2.63094,5.18321,2.82282,0.0001115,0.0001115,0.0001115
48,868.318,1.94928,2.54096,2.55929,0.02031,0.4,0.06931,0.0303,2.57668,5.26743,2.80895,8.675e-05,8.675e-05,8.675e-05
49,890.237,2.01165,2.60393,2.54472,0.02362,0.36,0.06838,0.03134,2.50094,5.40917,2.79397,6.2e-05,6.2e-05,6.2e-05
50,912.458,1.95242,2.59373,2.55837,0.02639,0.38,0.07379,0.03432,2.41655,5.44822,2.76922,3.725e-05,3.725e-05,3.725e-05
